,ticker1,ticker2,score
0,AFL,ALL,-1.0
1,AFL,AXP,-1.0
2,AFL,AIG,-1.0
3,AFL,AMP,-1.0
4,AFL,AON,-1.0
5,AFL,AJG,-1.0
6,AFL,AIZ,-1.0
7,AFL,BAC,-1.0
8,AFL,BK,-1.0
9,AFL,BRK.B,-1.0
10,AFL,BLK,-1.0
11,AFL,COF,-1.0
12,AFL,CBOE,-1.0
13,AFL,SCHW,-1.0
14,AFL,CB,-1.0
15,AFL,CINF,-1.0
16,AFL,C,-1.0
17,AFL,CFG,-1.0
18,AFL,CME,-1.0
19,AFL,CMA,-1.0
20,AFL,DFS,-1.0
21,AFL,RE,-1.0
22,AFL,FITB,-1.0
23,AFL,FRC,-1.0
24,AFL,BEN,-1.0
25,AFL,GL,-1.0
26,AFL,GS,-1.0
27,AFL,HIG,-1.0
28,AFL,HBAN,-1.0
29,AFL,ICE,-1.0
30,AFL,IVZ,-1.0
31,AFL,JPM,-1.0
32,AFL,KEY,-1.0
33,AFL,LNC,-1.0
34,AFL,L,-1.0
35,AFL,MTB,-1.0
36,AFL,MKTX,-1.0
37,AFL,MMC,-1.0
38,AFL,MET,-1.0
39,AFL,MCO,-1.0
40,AFL,MS,-1.0
41,AFL,MSCI,-1.0
42,AFL,NTRS,-1.0
43,AFL,PBCT,-1.0
44,AFL,PNC,-1.0
45,AFL,PFG,-1.0
46,AFL,PGR,-1.0
47,AFL,PRU,-1.0
48,AFL,RJF,-1.0
49,AFL,RF,-1.0
50,AFL,SPGI,-1.0
51,AFL,STT,-1.0
52,AFL,SIVB,-1.0
53,AFL,SYF,-1.0
54,AFL,TROW,-1.0
55,AFL,TRV,-1.0
56,AFL,TFC,-1.0
57,AFL,USB,-1.0
58,AFL,UNM,-1.0
59,AFL,WRB,-1.0
60,AFL,WFC,-1.0
61,AFL,WLTW,-1.0
62,AFL,ZION,-1.0
63,ALL,AXP,-1.0
64,ALL,AIG,-1.0
65,ALL,AMP,-1.0
66,ALL,AON,-1.0
67,ALL,AJG,-1.0
68,ALL,AIZ,-1.0
69,ALL,BAC,-1.0
70,ALL,BK,-1.0
71,ALL,BRK.B,-1.0
72,ALL,BLK,-1.0
73,ALL,COF,-1.0
74,ALL,CBOE,-1.0
75,ALL,SCHW,-1.0
76,ALL,CB,-1.0
77,ALL,CINF,-1.0
78,ALL,C,-1.0
79,ALL,CFG,-1.0
80,ALL,CME,-1.0
81,ALL,CMA,-1.0
82,ALL,DFS,-1.0
83,ALL,RE,-1.0
84,ALL,FITB,-1.0
85,ALL,FRC,-1.0
86,ALL,BEN,-1.0
87,ALL,GL,-1.0
88,ALL,GS,-1.0
89,ALL,HIG,-1.0
90,ALL,HBAN,-1.0
91,ALL,ICE,-1.0
92,ALL,IVZ,-1.0
93,ALL,JPM,-1.0
94,ALL,KEY,-1.0
95,ALL,LNC,-1.0
96,ALL,L,-1.0
97,ALL,MTB,-1.0
98,ALL,MKTX,-1.0
99,ALL,MMC,-1.0
100,ALL,MET,-1.0
101,ALL,MCO,-1.0
102,ALL,MS,-1.0
103,ALL,MSCI,-1.0
104,ALL,NTRS,-1.0
105,ALL,PBCT,-1.0
106,ALL,PNC,-1.0
107,ALL,PFG,-1.0
108,ALL,PGR,-1.0
109,ALL,PRU,-1.0
110,ALL,RJF,-1.0
111,ALL,RF,-1.0
112,ALL,SPGI,-1.0
113,ALL,STT,-1.0
114,ALL,SIVB,-1.0
115,ALL,SYF,-1.0
116,ALL,TROW,-1.0
117,ALL,TRV,-1.0
118,ALL,TFC,-1.0
119,ALL,USB,-1.0
120,ALL,UNM,-1.0
121,ALL,WRB,-1.0
122,ALL,WFC,-1.0
123,ALL,WLTW,-1.0
124,ALL,ZION,-1.0
125,AXP,AIG,-1.0
126,AXP,AMP,-1.0
127,AXP,AON,-1.0
128,AXP,AJG,-1.0
129,AXP,AIZ,-1.0
130,AXP,BAC,-1.0
131,AXP,BK,-1.0
132,AXP,BRK.B,-1.0
133,AXP,BLK,-1.0
134,AXP,COF,-1.0
135,AXP,CBOE,-1.0
136,AXP,SCHW,-1.0
137,AXP,CB,-1.0
138,AXP,CINF,-1.0
139,AXP,C,-1.0
140,AXP,CFG,-1.0
141,AXP,CME,-1.0
142,AXP,CMA,-1.0
143,AXP,DFS,-1.0
144,AXP,RE,-1.0
145,AXP,FITB,-1.0
146,AXP,FRC,-1.0
147,AXP,BEN,-1.0
148,AXP,GL,-1.0
149,AXP,GS,-1.0
150,AXP,HIG,-1.0
151,AXP,HBAN,-1.0
152,AXP,ICE,-1.0
153,AXP,IVZ,-1.0
154,AXP,JPM,-1.0
155,AXP,KEY,-1.0
156,AXP,LNC,-1.0
157,AXP,L,-1.0
158,AXP,MTB,-1.0
159,AXP,MKTX,-1.0
160,AXP,MMC,-1.0
161,AXP,MET,-1.0
162,AXP,MCO,-1.0
163,AXP,MS,-1.0
164,AXP,MSCI,-1.0
165,AXP,NTRS,-1.0
166,AXP,PBCT,-1.0
167,AXP,PNC,-1.0
168,AXP,PFG,-1.0
169,AXP,PGR,-1.0
170,AXP,PRU,-1.0
171,AXP,RJF,-1.0
172,AXP,RF,-1.0
173,AXP,SPGI,-1.0
174,AXP,STT,-1.0
175,AXP,SIVB,-1.0
176,AXP,SYF,-1.0
177,AXP,TROW,-1.0
178,AXP,TRV,-1.0
179,AXP,TFC,-1.0
180,AXP,USB,-1.0
181,AXP,UNM,-1.0
182,AXP,WRB,-1.0
183,AXP,WFC,-1.0
184,AXP,WLTW,-1.0
185,AXP,ZION,-1.0
186,AIG,AMP,-1.0
187,AIG,AON,-1.0
188,AIG,AJG,-1.0
189,AIG,AIZ,-1.0
190,AIG,BAC,-1.0
191,AIG,BK,-1.0
192,AIG,BRK.B,-1.0
193,AIG,BLK,-1.0
194,AIG,COF,-1.0
195,AIG,CBOE,-1.0
196,AIG,SCHW,-1.0
197,AIG,CB,-1.0
198,AIG,CINF,-1.0
199,AIG,C,-1.0
200,AIG,CFG,-1.0
201,AIG,CME,-1.0
202,AIG,CMA,-1.0
203,AIG,DFS,-1.0
204,AIG,RE,-1.0
205,AIG,FITB,-1.0
206,AIG,FRC,-1.0
207,AIG,BEN,-1.0
208,AIG,GL,-1.0
209,AIG,GS,-1.0
210,AIG,HIG,-1.0
211,AIG,HBAN,-1.0
212,AIG,ICE,-1.0
213,AIG,IVZ,-1.0
214,AIG,JPM,-1.0
215,AIG,KEY,-1.0
216,AIG,LNC,-1.0
217,AIG,L,-1.0
218,AIG,MTB,-1.0
219,AIG,MKTX,-1.0
220,AIG,MMC,-1.0
221,AIG,MET,-1.0
222,AIG,MCO,-1.0
223,AIG,MS,-1.0
224,AIG,MSCI,-1.0
225,AIG,NTRS,-1.0
226,AIG,PBCT,-1.0
227,AIG,PNC,-1.0
228,AIG,PFG,-1.0
229,AIG,PGR,-1.0
230,AIG,PRU,-1.0
231,AIG,RJF,-1.0
232,AIG,RF,-1.0
233,AIG,SPGI,-1.0
234,AIG,STT,-1.0
235,AIG,SIVB,-1.0
236,AIG,SYF,-1.0
237,AIG,TROW,-1.0
238,AIG,TRV,-1.0
239,AIG,TFC,-1.0
240,AIG,USB,-1.0
241,AIG,UNM,-1.0
242,AIG,WRB,-1.0
243,AIG,WFC,-1.0
244,AIG,WLTW,-1.0
245,AIG,ZION,-1.0
246,AMP,AON,-1.0
247,AMP,AJG,-1.0
248,AMP,AIZ,-1.0
249,AMP,BAC,-1.0
250,AMP,BK,-1.0
251,AMP,BRK.B,-1.0
252,AMP,BLK,-1.0
253,AMP,COF,-1.0
254,AMP,CBOE,-1.0
255,AMP,SCHW,-1.0
256,AMP,CB,-1.0
257,AMP,CINF,-1.0
258,AMP,C,-1.0
259,AMP,CFG,-1.0
260,AMP,CME,-1.0
261,AMP,CMA,-1.0
262,AMP,DFS,-1.0
263,AMP,RE,-1.0
264,AMP,FITB,-1.0
265,AMP,FRC,-1.0
266,AMP,BEN,-1.0
267,AMP,GL,-1.0
268,AMP,GS,-1.0
269,AMP,HIG,-1.0
270,AMP,HBAN,-1.0
271,AMP,ICE,-1.0
272,AMP,IVZ,-1.0
273,AMP,JPM,-1.0
274,AMP,KEY,-1.0
275,AMP,LNC,-1.0
276,AMP,L,-1.0
277,AMP,MTB,-1.0
278,AMP,MKTX,-1.0
279,AMP,MMC,-1.0
280,AMP,MET,-1.0
281,AMP,MCO,-1.0
282,AMP,MS,-1.0
283,AMP,MSCI,-1.0
284,AMP,NTRS,-1.0
285,AMP,PBCT,-1.0
286,AMP,PNC,-1.0
287,AMP,PFG,-1.0
288,AMP,PGR,-1.0
289,AMP,PRU,-1.0
290,AMP,RJF,-1.0
291,AMP,RF,-1.0
292,AMP,SPGI,-1.0
293,AMP,STT,-1.0
294,AMP,SIVB,-1.0
295,AMP,SYF,-1.0
296,AMP,TROW,-1.0
297,AMP,TRV,-1.0
298,AMP,TFC,-1.0
299,AMP,USB,-1.0
300,AMP,UNM,-1.0
301,AMP,WRB,-1.0
302,AMP,WFC,-1.0
303,AMP,WLTW,-1.0
304,AMP,ZION,-1.0
305,AON,AJG,-1.0
306,AON,AIZ,-1.0
307,AON,BAC,-1.0
308,AON,BK,-1.0
309,AON,BRK.B,-1.0
310,AON,BLK,-1.0
311,AON,COF,-1.0
312,AON,CBOE,-1.0
313,AON,SCHW,-1.0
314,AON,CB,-1.0
315,AON,CINF,-1.0
316,AON,C,-1.0
317,AON,CFG,-1.0
318,AON,CME,-1.0
319,AON,CMA,-1.0
320,AON,DFS,-1.0
321,AON,RE,-1.0
322,AON,FITB,-1.0
323,AON,FRC,-1.0
324,AON,BEN,-1.0
325,AON,GL,-1.0
326,AON,GS,-1.0
327,AON,HIG,-1.0
328,AON,HBAN,-1.0
329,AON,ICE,-1.0
330,AON,IVZ,-1.0
331,AON,JPM,-1.0
332,AON,KEY,-1.0
333,AON,LNC,-1.0
334,AON,L,-1.0
335,AON,MTB,-1.0
336,AON,MKTX,-1.0
337,AON,MMC,-1.0
338,AON,MET,-1.0
339,AON,MCO,-1.0
340,AON,MS,-1.0
341,AON,MSCI,-1.0
342,AON,NTRS,-1.0
343,AON,PBCT,-1.0
344,AON,PNC,-1.0
345,AON,PFG,-1.0
346,AON,PGR,-1.0
347,AON,PRU,-1.0
348,AON,RJF,-1.0
349,AON,RF,-1.0
350,AON,SPGI,-1.0
351,AON,STT,-1.0
352,AON,SIVB,-1.0
353,AON,SYF,-1.0
354,AON,TROW,-1.0
355,AON,TRV,-1.0
356,AON,TFC,-1.0
357,AON,USB,-1.0
358,AON,UNM,-1.0
359,AON,WRB,-1.0
360,AON,WFC,-1.0
361,AON,WLTW,-1.0
362,AON,ZION,-1.0
363,AJG,AIZ,-1.0
364,AJG,BAC,-1.0
365,AJG,BK,-1.0
366,AJG,BRK.B,-1.0
367,AJG,BLK,-1.0
368,AJG,COF,-1.0
369,AJG,CBOE,-1.0
370,AJG,SCHW,-1.0
371,AJG,CB,-1.0
372,AJG,CINF,-1.0
373,AJG,C,-1.0
374,AJG,CFG,-1.0
375,AJG,CME,-1.0
376,AJG,CMA,-1.0
377,AJG,DFS,-1.0
378,AJG,RE,-1.0
379,AJG,FITB,-1.0
380,AJG,FRC,-1.0
381,AJG,BEN,-1.0
382,AJG,GL,-1.0
383,AJG,GS,-1.0
384,AJG,HIG,-1.0
385,AJG,HBAN,-1.0
386,AJG,ICE,-1.0
387,AJG,IVZ,-1.0
388,AJG,JPM,-1.0
389,AJG,KEY,-1.0
390,AJG,LNC,-1.0
391,AJG,L,-1.0
392,AJG,MTB,-1.0
393,AJG,MKTX,-1.0
394,AJG,MMC,-1.0
395,AJG,MET,-1.0
396,AJG,MCO,-1.0
397,AJG,MS,-1.0
398,AJG,MSCI,-1.0
399,AJG,NTRS,-1.0
400,AJG,PBCT,-1.0
401,AJG,PNC,-1.0
402,AJG,PFG,-1.0
403,AJG,PGR,-1.0
404,AJG,PRU,-1.0
405,AJG,RJF,-1.0
406,AJG,RF,-1.0
407,AJG,SPGI,-1.0
408,AJG,STT,-1.0
409,AJG,SIVB,-1.0
410,AJG,SYF,-1.0
411,AJG,TROW,-1.0
412,AJG,TRV,-1.0
413,AJG,TFC,-1.0
414,AJG,USB,-1.0
415,AJG,UNM,-1.0
416,AJG,WRB,-1.0
417,AJG,WFC,-1.0
418,AJG,WLTW,-1.0
419,AJG,ZION,-1.0
420,AIZ,BAC,-1.0
421,AIZ,BK,-1.0
422,AIZ,BRK.B,-1.0
423,AIZ,BLK,-1.0
424,AIZ,COF,-1.0
425,AIZ,CBOE,-1.0
426,AIZ,SCHW,-1.0
427,AIZ,CB,-1.0
428,AIZ,CINF,-1.0
429,AIZ,C,-1.0
430,AIZ,CFG,-1.0
431,AIZ,CME,-1.0
432,AIZ,CMA,-1.0
433,AIZ,DFS,-1.0
434,AIZ,RE,-1.0
435,AIZ,FITB,-1.0
436,AIZ,FRC,-1.0
437,AIZ,BEN,-1.0
438,AIZ,GL,-1.0
439,AIZ,GS,-1.0
440,AIZ,HIG,-1.0
441,AIZ,HBAN,-1.0
442,AIZ,ICE,-1.0
443,AIZ,IVZ,-1.0
444,AIZ,JPM,-1.0
445,AIZ,KEY,-1.0
446,AIZ,LNC,-1.0
447,AIZ,L,-1.0
448,AIZ,MTB,-1.0
449,AIZ,MKTX,-1.0
450,AIZ,MMC,-1.0
451,AIZ,MET,-1.0
452,AIZ,MCO,-1.0
453,AIZ,MS,-1.0
454,AIZ,MSCI,-1.0
455,AIZ,NTRS,-1.0
456,AIZ,PBCT,-1.0
457,AIZ,PNC,-1.0
458,AIZ,PFG,-1.0
459,AIZ,PGR,-1.0
460,AIZ,PRU,-1.0
461,AIZ,RJF,-1.0
462,AIZ,RF,-1.0
463,AIZ,SPGI,-1.0
464,AIZ,STT,-1.0
465,AIZ,SIVB,-1.0
466,AIZ,SYF,-1.0
467,AIZ,TROW,-1.0
468,AIZ,TRV,-1.0
469,AIZ,TFC,-1.0
470,AIZ,USB,-1.0
471,AIZ,UNM,-1.0
472,AIZ,WRB,-1.0
473,AIZ,WFC,-1.0
474,AIZ,WLTW,-1.0
475,AIZ,ZION,-1.0
476,BAC,BK,-1.0
477,BAC,BRK.B,-1.0
478,BAC,BLK,-1.0
479,BAC,COF,-1.0
480,BAC,CBOE,-1.0
481,BAC,SCHW,-1.0
482,BAC,CB,-1.0
483,BAC,CINF,-1.0
484,BAC,C,-1.0
485,BAC,CFG,-1.0
486,BAC,CME,-1.0
487,BAC,CMA,-1.0
488,BAC,DFS,-1.0
489,BAC,RE,-1.0
490,BAC,FITB,-1.0
491,BAC,FRC,-1.0
492,BAC,BEN,-1.0
493,BAC,GL,-1.0
494,BAC,GS,-1.0
495,BAC,HIG,-1.0
496,BAC,HBAN,-1.0
497,BAC,ICE,-1.0
498,BAC,IVZ,-1.0
499,BAC,JPM,-1.0
500,BAC,KEY,-1.0
501,BAC,LNC,-1.0
502,BAC,L,-1.0
503,BAC,MTB,-1.0
504,BAC,MKTX,-1.0
505,BAC,MMC,-1.0
506,BAC,MET,-1.0
507,BAC,MCO,-1.0
508,BAC,MS,-1.0
509,BAC,MSCI,-1.0
510,BAC,NTRS,-1.0
511,BAC,PBCT,-1.0
512,BAC,PNC,-1.0
513,BAC,PFG,-1.0
514,BAC,PGR,-1.0
515,BAC,PRU,-1.0
516,BAC,RJF,-1.0
517,BAC,RF,-1.0
518,BAC,SPGI,-1.0
519,BAC,STT,-1.0
520,BAC,SIVB,-1.0
521,BAC,SYF,-1.0
522,BAC,TROW,-1.0
523,BAC,TRV,-1.0
524,BAC,TFC,-1.0
525,BAC,USB,-1.0
526,BAC,UNM,-1.0
527,BAC,WRB,-1.0
528,BAC,WFC,-1.0
529,BAC,WLTW,-1.0
530,BAC,ZION,-1.0
531,BK,BRK.B,-1.0
532,BK,BLK,-1.0
533,BK,COF,-1.0
534,BK,CBOE,-1.0
535,BK,SCHW,-1.0
536,BK,CB,-1.0
537,BK,CINF,-1.0
538,BK,C,-1.0
539,BK,CFG,-1.0
540,BK,CME,-1.0
541,BK,CMA,-1.0
542,BK,DFS,-1.0
543,BK,RE,-1.0
544,BK,FITB,-1.0
545,BK,FRC,-1.0
546,BK,BEN,-1.0
547,BK,GL,-1.0
548,BK,GS,-1.0
549,BK,HIG,-1.0
550,BK,HBAN,-1.0
551,BK,ICE,-1.0
552,BK,IVZ,-1.0
553,BK,JPM,-1.0
554,BK,KEY,-1.0
555,BK,LNC,-1.0
556,BK,L,-1.0
557,BK,MTB,-1.0
558,BK,MKTX,-1.0
559,BK,MMC,-1.0
560,BK,MET,-1.0
561,BK,MCO,-1.0
562,BK,MS,-1.0
563,BK,MSCI,-1.0
564,BK,NTRS,-1.0
565,BK,PBCT,-1.0
566,BK,PNC,-1.0
567,BK,PFG,-1.0
568,BK,PGR,-1.0
569,BK,PRU,-1.0
570,BK,RJF,-1.0
571,BK,RF,-1.0
572,BK,SPGI,-1.0
573,BK,STT,-1.0
574,BK,SIVB,-1.0
575,BK,SYF,-1.0
576,BK,TROW,-1.0
577,BK,TRV,-1.0
578,BK,TFC,-1.0
579,BK,USB,-1.0
580,BK,UNM,-1.0
581,BK,WRB,-1.0
582,BK,WFC,-1.0
583,BK,WLTW,-1.0
584,BK,ZION,-1.0
585,BRK.B,BLK,-1.0
586,BRK.B,COF,-1.0
587,BRK.B,CBOE,-1.0
588,BRK.B,SCHW,-1.0
589,BRK.B,CB,-1.0
590,BRK.B,CINF,-1.0
591,BRK.B,C,-1.0
592,BRK.B,CFG,-1.0
593,BRK.B,CME,-1.0
594,BRK.B,CMA,-1.0
595,BRK.B,DFS,-1.0
596,BRK.B,RE,-1.0
597,BRK.B,FITB,-1.0
598,BRK.B,FRC,-1.0
599,BRK.B,BEN,-1.0
600,BRK.B,GL,-1.0
601,BRK.B,GS,-1.0
602,BRK.B,HIG,-1.0
603,BRK.B,HBAN,-1.0
604,BRK.B,ICE,-1.0
605,BRK.B,IVZ,-1.0
606,BRK.B,JPM,-1.0
607,BRK.B,KEY,-1.0
608,BRK.B,LNC,-1.0
609,BRK.B,L,-1.0
610,BRK.B,MTB,-1.0
611,BRK.B,MKTX,-1.0
612,BRK.B,MMC,-1.0
613,BRK.B,MET,-1.0
614,BRK.B,MCO,-1.0
615,BRK.B,MS,-1.0
616,BRK.B,MSCI,-1.0
617,BRK.B,NTRS,-1.0
618,BRK.B,PBCT,-1.0
619,BRK.B,PNC,-1.0
620,BRK.B,PFG,-1.0
621,BRK.B,PGR,-1.0
622,BRK.B,PRU,-1.0
623,BRK.B,RJF,-1.0
624,BRK.B,RF,-1.0
625,BRK.B,SPGI,-1.0
626,BRK.B,STT,-1.0
627,BRK.B,SIVB,-1.0
628,BRK.B,SYF,-1.0
629,BRK.B,TROW,-1.0
630,BRK.B,TRV,-1.0
631,BRK.B,TFC,-1.0
632,BRK.B,USB,-1.0
633,BRK.B,UNM,-1.0
634,BRK.B,WRB,-1.0
635,BRK.B,WFC,-1.0
636,BRK.B,WLTW,-1.0
637,BRK.B,ZION,-1.0
638,BLK,COF,-1.0
639,BLK,CBOE,-1.0
640,BLK,SCHW,-1.0
641,BLK,CB,-1.0
642,BLK,CINF,-1.0
643,BLK,C,-1.0
644,BLK,CFG,-1.0
645,BLK,CME,-1.0
646,BLK,CMA,-1.0
647,BLK,DFS,-1.0
648,BLK,RE,-1.0
649,BLK,FITB,-1.0
650,BLK,FRC,-1.0
651,BLK,BEN,-1.0
652,BLK,GL,-1.0
653,BLK,GS,-1.0
654,BLK,HIG,-1.0
655,BLK,HBAN,-1.0
656,BLK,ICE,-1.0
657,BLK,IVZ,-1.0
658,BLK,JPM,-1.0
659,BLK,KEY,-1.0
660,BLK,LNC,-1.0
661,BLK,L,-1.0
662,BLK,MTB,-1.0
663,BLK,MKTX,-1.0
664,BLK,MMC,-1.0
665,BLK,MET,-1.0
666,BLK,MCO,-1.0
667,BLK,MS,-1.0
668,BLK,MSCI,-1.0
669,BLK,NTRS,-1.0
670,BLK,PBCT,-1.0
671,BLK,PNC,-1.0
672,BLK,PFG,-1.0
673,BLK,PGR,-1.0
674,BLK,PRU,-1.0
675,BLK,RJF,-1.0
676,BLK,RF,-1.0
677,BLK,SPGI,-1.0
678,BLK,STT,-1.0
679,BLK,SIVB,-1.0
680,BLK,SYF,-1.0
681,BLK,TROW,-1.0
682,BLK,TRV,-1.0
683,BLK,TFC,-1.0
684,BLK,USB,-1.0
685,BLK,UNM,-1.0
686,BLK,WRB,-1.0
687,BLK,WFC,-1.0
688,BLK,WLTW,-1.0
689,BLK,ZION,-1.0
690,COF,CBOE,-1.0
691,COF,SCHW,-1.0
692,COF,CB,-1.0
693,COF,CINF,-1.0
694,COF,C,-1.0
695,COF,CFG,-1.0
696,COF,CME,-1.0
697,COF,CMA,-1.0
698,COF,DFS,-1.0
699,COF,RE,-1.0
700,COF,FITB,-1.0
701,COF,FRC,-1.0
702,COF,BEN,-1.0
703,COF,GL,-1.0
704,COF,GS,-1.0
705,COF,HIG,-1.0
706,COF,HBAN,-1.0
707,COF,ICE,-1.0
708,COF,IVZ,-1.0
709,COF,JPM,-1.0
710,COF,KEY,-1.0
711,COF,LNC,-1.0
712,COF,L,-1.0
713,COF,MTB,-1.0
714,COF,MKTX,-1.0
715,COF,MMC,-1.0
716,COF,MET,-1.0
717,COF,MCO,-1.0
718,COF,MS,-1.0
719,COF,MSCI,-1.0
720,COF,NTRS,-1.0
721,COF,PBCT,-1.0
722,COF,PNC,-1.0
723,COF,PFG,-1.0
724,COF,PGR,-1.0
725,COF,PRU,-1.0
726,COF,RJF,-1.0
727,COF,RF,-1.0
728,COF,SPGI,-1.0
729,COF,STT,-1.0
730,COF,SIVB,-1.0
731,COF,SYF,-1.0
732,COF,TROW,-1.0
733,COF,TRV,-1.0
734,COF,TFC,-1.0
735,COF,USB,-1.0
736,COF,UNM,-1.0
737,COF,WRB,-1.0
738,COF,WFC,-1.0
739,COF,WLTW,-1.0
740,COF,ZION,-1.0
741,CBOE,SCHW,-1.0
742,CBOE,CB,-1.0
743,CBOE,CINF,-1.0
744,CBOE,C,-1.0
745,CBOE,CFG,-1.0
746,CBOE,CME,-1.0
747,CBOE,CMA,-1.0
748,CBOE,DFS,-1.0
749,CBOE,RE,-1.0
750,CBOE,FITB,-1.0
751,CBOE,FRC,-1.0
752,CBOE,BEN,-1.0
753,CBOE,GL,-1.0
754,CBOE,GS,-1.0
755,CBOE,HIG,-1.0
756,CBOE,HBAN,-1.0
757,CBOE,ICE,-1.0
758,CBOE,IVZ,-1.0
759,CBOE,JPM,-1.0
760,CBOE,KEY,-1.0
761,CBOE,LNC,-1.0
762,CBOE,L,-1.0
763,CBOE,MTB,-1.0
764,CBOE,MKTX,-1.0
765,CBOE,MMC,-1.0
766,CBOE,MET,-1.0
767,CBOE,MCO,-1.0
768,CBOE,MS,-1.0
769,CBOE,MSCI,-1.0
770,CBOE,NTRS,-1.0
771,CBOE,PBCT,-1.0
772,CBOE,PNC,-1.0
773,CBOE,PFG,-1.0
774,CBOE,PGR,-1.0
775,CBOE,PRU,-1.0
776,CBOE,RJF,-1.0
777,CBOE,RF,-1.0
778,CBOE,SPGI,-1.0
779,CBOE,STT,-1.0
780,CBOE,SIVB,-1.0
781,CBOE,SYF,-1.0
782,CBOE,TROW,-1.0
783,CBOE,TRV,-1.0
784,CBOE,TFC,-1.0
785,CBOE,USB,-1.0
786,CBOE,UNM,-1.0
787,CBOE,WRB,-1.0
788,CBOE,WFC,-1.0
789,CBOE,WLTW,-1.0
790,CBOE,ZION,-1.0
791,SCHW,CB,-1.0
792,SCHW,CINF,-1.0
793,SCHW,C,-1.0
794,SCHW,CFG,-1.0
795,SCHW,CME,-1.0
796,SCHW,CMA,-1.0
797,SCHW,DFS,-1.0
798,SCHW,RE,-1.0
799,SCHW,FITB,-1.0
800,SCHW,FRC,-1.0
801,SCHW,BEN,-1.0
802,SCHW,GL,-1.0
803,SCHW,GS,-1.0
804,SCHW,HIG,-1.0
805,SCHW,HBAN,-1.0
806,SCHW,ICE,-1.0
807,SCHW,IVZ,-1.0
808,SCHW,JPM,-1.0
809,SCHW,KEY,-1.0
810,SCHW,LNC,-1.0
811,SCHW,L,-1.0
812,SCHW,MTB,-1.0
813,SCHW,MKTX,-1.0
814,SCHW,MMC,-1.0
815,SCHW,MET,-1.0
816,SCHW,MCO,-1.0
817,SCHW,MS,-1.0
818,SCHW,MSCI,-1.0
819,SCHW,NTRS,-1.0
820,SCHW,PBCT,-1.0
821,SCHW,PNC,-1.0
822,SCHW,PFG,-1.0
823,SCHW,PGR,-1.0
824,SCHW,PRU,-1.0
825,SCHW,RJF,-1.0
826,SCHW,RF,-1.0
827,SCHW,SPGI,-1.0
828,SCHW,STT,-1.0
829,SCHW,SIVB,-1.0
830,SCHW,SYF,-1.0
831,SCHW,TROW,-1.0
832,SCHW,TRV,-1.0
833,SCHW,TFC,-1.0
834,SCHW,USB,-1.0
835,SCHW,UNM,-1.0
836,SCHW,WRB,-1.0
837,SCHW,WFC,-1.0
838,SCHW,WLTW,-1.0
839,SCHW,ZION,-1.0
840,CB,CINF,-1.0
841,CB,C,-1.0
842,CB,CFG,-1.0
843,CB,CME,-1.0
844,CB,CMA,-1.0
845,CB,DFS,-1.0
846,CB,RE,-1.0
847,CB,FITB,-1.0
848,CB,FRC,-1.0
849,CB,BEN,-1.0
850,CB,GL,-1.0
851,CB,GS,-1.0
852,CB,HIG,-1.0
853,CB,HBAN,-1.0
854,CB,ICE,-1.0
855,CB,IVZ,-1.0
856,CB,JPM,-1.0
857,CB,KEY,-1.0
858,CB,LNC,-1.0
859,CB,L,-1.0
860,CB,MTB,-1.0
861,CB,MKTX,-1.0
862,CB,MMC,-1.0
863,CB,MET,-1.0
864,CB,MCO,-1.0
865,CB,MS,-1.0
866,CB,MSCI,-1.0
867,CB,NTRS,-1.0
868,CB,PBCT,-1.0
869,CB,PNC,-1.0
870,CB,PFG,-1.0
871,CB,PGR,-1.0
872,CB,PRU,-1.0
873,CB,RJF,-1.0
874,CB,RF,-1.0
875,CB,SPGI,-1.0
876,CB,STT,-1.0
877,CB,SIVB,-1.0
878,CB,SYF,-1.0
879,CB,TROW,-1.0
880,CB,TRV,-1.0
881,CB,TFC,-1.0
882,CB,USB,-1.0
883,CB,UNM,-1.0
884,CB,WRB,-1.0
885,CB,WFC,-1.0
886,CB,WLTW,-1.0
887,CB,ZION,-1.0
888,CINF,C,-1.0
889,CINF,CFG,-1.0
890,CINF,CME,-1.0
891,CINF,CMA,-1.0
892,CINF,DFS,-1.0
893,CINF,RE,-1.0
894,CINF,FITB,-1.0
895,CINF,FRC,-1.0
896,CINF,BEN,-1.0
897,CINF,GL,-1.0
898,CINF,GS,-1.0
899,CINF,HIG,-1.0
900,CINF,HBAN,-1.0
901,CINF,ICE,-1.0
902,CINF,IVZ,-1.0
903,CINF,JPM,-1.0
904,CINF,KEY,-1.0
905,CINF,LNC,-1.0
906,CINF,L,-1.0
907,CINF,MTB,-1.0
908,CINF,MKTX,-1.0
909,CINF,MMC,-1.0
910,CINF,MET,-1.0
911,CINF,MCO,-1.0
912,CINF,MS,-1.0
913,CINF,MSCI,-1.0
914,CINF,NTRS,-1.0
915,CINF,PBCT,-1.0
916,CINF,PNC,-1.0
917,CINF,PFG,-1.0
918,CINF,PGR,-1.0
919,CINF,PRU,-1.0
920,CINF,RJF,-1.0
921,CINF,RF,-1.0
922,CINF,SPGI,-1.0
923,CINF,STT,-1.0
924,CINF,SIVB,-1.0
925,CINF,SYF,-1.0
926,CINF,TROW,-1.0
927,CINF,TRV,-1.0
928,CINF,TFC,-1.0
929,CINF,USB,-1.0
930,CINF,UNM,-1.0
931,CINF,WRB,-1.0
932,CINF,WFC,-1.0
933,CINF,WLTW,-1.0
934,CINF,ZION,-1.0
935,C,CFG,-1.0
936,C,CME,-1.0
937,C,CMA,-1.0
938,C,DFS,-1.0
939,C,RE,-1.0
940,C,FITB,-1.0
941,C,FRC,-1.0
942,C,BEN,-1.0
943,C,GL,-1.0
944,C,GS,-1.0
945,C,HIG,-1.0
946,C,HBAN,-1.0
947,C,ICE,-1.0
948,C,IVZ,-1.0
949,C,JPM,-1.0
950,C,KEY,-1.0
951,C,LNC,-1.0
952,C,L,-1.0
953,C,MTB,-1.0
954,C,MKTX,-1.0
955,C,MMC,-1.0
956,C,MET,-1.0
957,C,MCO,-1.0
958,C,MS,-1.0
959,C,MSCI,-1.0
960,C,NTRS,-1.0
961,C,PBCT,-1.0
962,C,PNC,-1.0
963,C,PFG,-1.0
964,C,PGR,-1.0
965,C,PRU,-1.0
966,C,RJF,-1.0
967,C,RF,-1.0
968,C,SPGI,-1.0
969,C,STT,-1.0
970,C,SIVB,-1.0
971,C,SYF,-1.0
972,C,TROW,-1.0
973,C,TRV,-1.0
974,C,TFC,-1.0
975,C,USB,-1.0
976,C,UNM,-1.0
977,C,WRB,-1.0
978,C,WFC,-1.0
979,C,WLTW,-1.0
980,C,ZION,-1.0
981,CFG,CME,-1.0
982,CFG,CMA,-1.0
983,CFG,DFS,-1.0
984,CFG,RE,-1.0
985,CFG,FITB,-1.0
986,CFG,FRC,-1.0
987,CFG,BEN,-1.0
988,CFG,GL,-1.0
989,CFG,GS,-1.0
990,CFG,HIG,-1.0
991,CFG,HBAN,-1.0
992,CFG,ICE,-1.0
993,CFG,IVZ,-1.0
994,CFG,JPM,-1.0
995,CFG,KEY,-1.0
996,CFG,LNC,-1.0
997,CFG,L,-1.0
998,CFG,MTB,-1.0
999,CFG,MKTX,-1.0
1000,CFG,MMC,-1.0
1001,CFG,MET,-1.0
1002,CFG,MCO,-1.0
1003,CFG,MS,-1.0
1004,CFG,MSCI,-1.0
1005,CFG,NTRS,-1.0
1006,CFG,PBCT,-1.0
1007,CFG,PNC,-1.0
1008,CFG,PFG,-1.0
1009,CFG,PGR,-1.0
1010,CFG,PRU,-1.0
1011,CFG,RJF,-1.0
1012,CFG,RF,-1.0
1013,CFG,SPGI,-1.0
1014,CFG,STT,-1.0
1015,CFG,SIVB,-1.0
1016,CFG,SYF,-1.0
1017,CFG,TROW,-1.0
1018,CFG,TRV,-1.0
1019,CFG,TFC,-1.0
1020,CFG,USB,-1.0
1021,CFG,UNM,-1.0
1022,CFG,WRB,-1.0
1023,CFG,WFC,-1.0
1024,CFG,WLTW,-1.0
1025,CFG,ZION,-1.0
1026,CME,CMA,-1.0
1027,CME,DFS,-1.0
1028,CME,RE,-1.0
1029,CME,FITB,-1.0
1030,CME,FRC,-1.0
1031,CME,BEN,-1.0
1032,CME,GL,-1.0
1033,CME,GS,-1.0
1034,CME,HIG,-1.0
1035,CME,HBAN,-1.0
1036,CME,ICE,-1.0
1037,CME,IVZ,-1.0
1038,CME,JPM,-1.0
1039,CME,KEY,-1.0
1040,CME,LNC,-1.0
1041,CME,L,-1.0
1042,CME,MTB,-1.0
1043,CME,MKTX,-1.0
1044,CME,MMC,-1.0
1045,CME,MET,-1.0
1046,CME,MCO,-1.0
1047,CME,MS,-1.0
1048,CME,MSCI,-1.0
1049,CME,NTRS,-1.0
1050,CME,PBCT,-1.0
1051,CME,PNC,-1.0
1052,CME,PFG,-1.0
1053,CME,PGR,-1.0
1054,CME,PRU,-1.0
1055,CME,RJF,-1.0
1056,CME,RF,-1.0
1057,CME,SPGI,-1.0
1058,CME,STT,-1.0
1059,CME,SIVB,-1.0
1060,CME,SYF,-1.0
1061,CME,TROW,-1.0
1062,CME,TRV,-1.0
1063,CME,TFC,-1.0
1064,CME,USB,-1.0
1065,CME,UNM,-1.0
1066,CME,WRB,-1.0
1067,CME,WFC,-1.0
1068,CME,WLTW,-1.0
1069,CME,ZION,-1.0
1070,CMA,DFS,-1.0
1071,CMA,RE,-1.0
1072,CMA,FITB,-1.0
1073,CMA,FRC,-1.0
1074,CMA,BEN,-1.0
1075,CMA,GL,-1.0
1076,CMA,GS,-1.0
1077,CMA,HIG,-1.0
1078,CMA,HBAN,-1.0
1079,CMA,ICE,-1.0
1080,CMA,IVZ,-1.0
1081,CMA,JPM,-1.0
1082,CMA,KEY,-1.0
1083,CMA,LNC,-1.0
1084,CMA,L,-1.0
1085,CMA,MTB,-1.0
1086,CMA,MKTX,-1.0
1087,CMA,MMC,-1.0
1088,CMA,MET,-1.0
1089,CMA,MCO,-1.0
1090,CMA,MS,-1.0
1091,CMA,MSCI,-1.0
1092,CMA,NTRS,-1.0
1093,CMA,PBCT,-1.0
1094,CMA,PNC,-1.0
1095,CMA,PFG,-1.0
1096,CMA,PGR,-1.0
1097,CMA,PRU,-1.0
1098,CMA,RJF,-1.0
1099,CMA,RF,-1.0
1100,CMA,SPGI,-1.0
1101,CMA,STT,-1.0
1102,CMA,SIVB,-1.0
1103,CMA,SYF,-1.0
1104,CMA,TROW,-1.0
1105,CMA,TRV,-1.0
1106,CMA,TFC,-1.0
1107,CMA,USB,-1.0
1108,CMA,UNM,-1.0
1109,CMA,WRB,-1.0
1110,CMA,WFC,-1.0
1111,CMA,WLTW,-1.0
1112,CMA,ZION,-1.0
1113,DFS,RE,-1.0
1114,DFS,FITB,-1.0
1115,DFS,FRC,-1.0
1116,DFS,BEN,-1.0
1117,DFS,GL,-1.0
1118,DFS,GS,-1.0
1119,DFS,HIG,-1.0
1120,DFS,HBAN,-1.0
1121,DFS,ICE,-1.0
1122,DFS,IVZ,-1.0
1123,DFS,JPM,-1.0
1124,DFS,KEY,-1.0
1125,DFS,LNC,-1.0
1126,DFS,L,-1.0
1127,DFS,MTB,-1.0
1128,DFS,MKTX,-1.0
1129,DFS,MMC,-1.0
1130,DFS,MET,-1.0
1131,DFS,MCO,-1.0
1132,DFS,MS,-1.0
1133,DFS,MSCI,-1.0
1134,DFS,NTRS,-1.0
1135,DFS,PBCT,-1.0
1136,DFS,PNC,-1.0
1137,DFS,PFG,-1.0
1138,DFS,PGR,-1.0
1139,DFS,PRU,-1.0
1140,DFS,RJF,-1.0
1141,DFS,RF,-1.0
1142,DFS,SPGI,-1.0
1143,DFS,STT,-1.0
1144,DFS,SIVB,-1.0
1145,DFS,SYF,-1.0
1146,DFS,TROW,-1.0
1147,DFS,TRV,-1.0
1148,DFS,TFC,-1.0
1149,DFS,USB,-1.0
1150,DFS,UNM,-1.0
1151,DFS,WRB,-1.0
1152,DFS,WFC,-1.0
1153,DFS,WLTW,-1.0
1154,DFS,ZION,-1.0
1155,RE,FITB,-1.0
1156,RE,FRC,-1.0
1157,RE,BEN,-1.0
1158,RE,GL,-1.0
1159,RE,GS,-1.0
1160,RE,HIG,-1.0
1161,RE,HBAN,-1.0
1162,RE,ICE,-1.0
1163,RE,IVZ,-1.0
1164,RE,JPM,-1.0
1165,RE,KEY,-1.0
1166,RE,LNC,-1.0
1167,RE,L,-1.0
1168,RE,MTB,-1.0
1169,RE,MKTX,-1.0
1170,RE,MMC,-1.0
1171,RE,MET,-1.0
1172,RE,MCO,-1.0
1173,RE,MS,-1.0
1174,RE,MSCI,-1.0
1175,RE,NTRS,-1.0
1176,RE,PBCT,-1.0
1177,RE,PNC,-1.0
1178,RE,PFG,-1.0
1179,RE,PGR,-1.0
1180,RE,PRU,-1.0
1181,RE,RJF,-1.0
1182,RE,RF,-1.0
1183,RE,SPGI,-1.0
1184,RE,STT,-1.0
1185,RE,SIVB,-1.0
1186,RE,SYF,-1.0
1187,RE,TROW,-1.0
1188,RE,TRV,-1.0
1189,RE,TFC,-1.0
1190,RE,USB,-1.0
1191,RE,UNM,-1.0
1192,RE,WRB,-1.0
1193,RE,WFC,-1.0
1194,RE,WLTW,-1.0
1195,RE,ZION,-1.0
1196,FITB,FRC,-1.0
1197,FITB,BEN,-1.0
1198,FITB,GL,-1.0
1199,FITB,GS,-1.0
1200,FITB,HIG,-1.0
1201,FITB,HBAN,-1.0
1202,FITB,ICE,-1.0
1203,FITB,IVZ,-1.0
1204,FITB,JPM,-1.0
1205,FITB,KEY,-1.0
1206,FITB,LNC,-1.0
1207,FITB,L,-1.0
1208,FITB,MTB,-1.0
1209,FITB,MKTX,-1.0
1210,FITB,MMC,-1.0
1211,FITB,MET,-1.0
1212,FITB,MCO,-1.0
1213,FITB,MS,-1.0
1214,FITB,MSCI,-1.0
1215,FITB,NTRS,-1.0
1216,FITB,PBCT,-1.0
1217,FITB,PNC,-1.0
1218,FITB,PFG,-1.0
1219,FITB,PGR,-1.0
1220,FITB,PRU,-1.0
1221,FITB,RJF,-1.0
1222,FITB,RF,-1.0
1223,FITB,SPGI,-1.0
1224,FITB,STT,-1.0
1225,FITB,SIVB,-1.0
1226,FITB,SYF,-1.0
1227,FITB,TROW,-1.0
1228,FITB,TRV,-1.0
1229,FITB,TFC,-1.0
1230,FITB,USB,-1.0
1231,FITB,UNM,-1.0
1232,FITB,WRB,-1.0
1233,FITB,WFC,-1.0
1234,FITB,WLTW,-1.0
1235,FITB,ZION,-1.0
1236,FRC,BEN,-1.0
1237,FRC,GL,-1.0
1238,FRC,GS,-1.0
1239,FRC,HIG,-1.0
1240,FRC,HBAN,-1.0
1241,FRC,ICE,-1.0
1242,FRC,IVZ,-1.0
1243,FRC,JPM,-1.0
1244,FRC,KEY,-1.0
1245,FRC,LNC,-1.0
1246,FRC,L,-1.0
1247,FRC,MTB,-1.0
1248,FRC,MKTX,-1.0
1249,FRC,MMC,-1.0
1250,FRC,MET,-1.0
1251,FRC,MCO,-1.0
1252,FRC,MS,-1.0
1253,FRC,MSCI,-1.0
1254,FRC,NTRS,-1.0
1255,FRC,PBCT,-1.0
1256,FRC,PNC,-1.0
1257,FRC,PFG,-1.0
1258,FRC,PGR,-1.0
1259,FRC,PRU,-1.0
1260,FRC,RJF,-1.0
1261,FRC,RF,-1.0
1262,FRC,SPGI,-1.0
1263,FRC,STT,-1.0
1264,FRC,SIVB,-1.0
1265,FRC,SYF,-1.0
1266,FRC,TROW,-1.0
1267,FRC,TRV,-1.0
1268,FRC,TFC,-1.0
1269,FRC,USB,-1.0
1270,FRC,UNM,-1.0
1271,FRC,WRB,-1.0
1272,FRC,WFC,-1.0
1273,FRC,WLTW,-1.0
1274,FRC,ZION,-1.0
1275,BEN,GL,-1.0
1276,BEN,GS,-1.0
1277,BEN,HIG,-1.0
1278,BEN,HBAN,-1.0
1279,BEN,ICE,-1.0
1280,BEN,IVZ,-1.0
1281,BEN,JPM,-1.0
1282,BEN,KEY,-1.0
1283,BEN,LNC,-1.0
1284,BEN,L,-1.0
1285,BEN,MTB,-1.0
1286,BEN,MKTX,-1.0
1287,BEN,MMC,-1.0
1288,BEN,MET,-1.0
1289,BEN,MCO,-1.0
1290,BEN,MS,-1.0
1291,BEN,MSCI,-1.0
1292,BEN,NTRS,-1.0
1293,BEN,PBCT,-1.0
1294,BEN,PNC,-1.0
1295,BEN,PFG,-1.0
1296,BEN,PGR,-1.0
1297,BEN,PRU,-1.0
1298,BEN,RJF,-1.0
1299,BEN,RF,-1.0
1300,BEN,SPGI,-1.0
1301,BEN,STT,-1.0
1302,BEN,SIVB,-1.0
1303,BEN,SYF,-1.0
1304,BEN,TROW,-1.0
1305,BEN,TRV,-1.0
1306,BEN,TFC,-1.0
1307,BEN,USB,-1.0
1308,BEN,UNM,-1.0
1309,BEN,WRB,-1.0
1310,BEN,WFC,-1.0
1311,BEN,WLTW,-1.0
1312,BEN,ZION,-1.0
1313,GL,GS,-1.0
1314,GL,HIG,-1.0
1315,GL,HBAN,-1.0
1316,GL,ICE,-1.0
1317,GL,IVZ,-1.0
1318,GL,JPM,-1.0
1319,GL,KEY,-1.0
1320,GL,LNC,-1.0
1321,GL,L,-1.0
1322,GL,MTB,-1.0
1323,GL,MKTX,-1.0
1324,GL,MMC,-1.0
1325,GL,MET,-1.0
1326,GL,MCO,-1.0
1327,GL,MS,-1.0
1328,GL,MSCI,-1.0
1329,GL,NTRS,-1.0
1330,GL,PBCT,-1.0
1331,GL,PNC,-1.0
1332,GL,PFG,-1.0
1333,GL,PGR,-1.0
1334,GL,PRU,-1.0
1335,GL,RJF,-1.0
1336,GL,RF,-1.0
1337,GL,SPGI,-1.0
1338,GL,STT,-1.0
1339,GL,SIVB,-1.0
1340,GL,SYF,-1.0
1341,GL,TROW,-1.0
1342,GL,TRV,-1.0
1343,GL,TFC,-1.0
1344,GL,USB,-1.0
1345,GL,UNM,-1.0
1346,GL,WRB,-1.0
1347,GL,WFC,-1.0
1348,GL,WLTW,-1.0
1349,GL,ZION,-1.0
1350,GS,HIG,-1.0
1351,GS,HBAN,-1.0
1352,GS,ICE,-1.0
1353,GS,IVZ,-1.0
1354,GS,JPM,-1.0
1355,GS,KEY,-1.0
1356,GS,LNC,-1.0
1357,GS,L,-1.0
1358,GS,MTB,-1.0
1359,GS,MKTX,-1.0
1360,GS,MMC,-1.0
1361,GS,MET,-1.0
1362,GS,MCO,-1.0
1363,GS,MS,-1.0
1364,GS,MSCI,-1.0
1365,GS,NTRS,-1.0
1366,GS,PBCT,-1.0
1367,GS,PNC,-1.0
1368,GS,PFG,-1.0
1369,GS,PGR,-1.0
1370,GS,PRU,-1.0
1371,GS,RJF,-1.0
1372,GS,RF,-1.0
1373,GS,SPGI,-1.0
1374,GS,STT,-1.0
1375,GS,SIVB,-1.0
1376,GS,SYF,-1.0
1377,GS,TROW,-1.0
1378,GS,TRV,-1.0
1379,GS,TFC,-1.0
1380,GS,USB,-1.0
1381,GS,UNM,-1.0
1382,GS,WRB,-1.0
1383,GS,WFC,-1.0
1384,GS,WLTW,-1.0
1385,GS,ZION,-1.0
1386,HIG,HBAN,-1.0
1387,HIG,ICE,-1.0
1388,HIG,IVZ,-1.0
1389,HIG,JPM,-1.0
1390,HIG,KEY,-1.0
1391,HIG,LNC,-1.0
1392,HIG,L,-1.0
1393,HIG,MTB,-1.0
1394,HIG,MKTX,-1.0
1395,HIG,MMC,-1.0
1396,HIG,MET,-1.0
1397,HIG,MCO,-1.0
1398,HIG,MS,-1.0
1399,HIG,MSCI,-1.0
1400,HIG,NTRS,-1.0
1401,HIG,PBCT,-1.0
1402,HIG,PNC,-1.0
1403,HIG,PFG,-1.0
1404,HIG,PGR,-1.0
1405,HIG,PRU,-1.0
1406,HIG,RJF,-1.0
1407,HIG,RF,-1.0
1408,HIG,SPGI,-1.0
1409,HIG,STT,-1.0
1410,HIG,SIVB,-1.0
1411,HIG,SYF,-1.0
1412,HIG,TROW,-1.0
1413,HIG,TRV,-1.0
1414,HIG,TFC,-1.0
1415,HIG,USB,-1.0
1416,HIG,UNM,-1.0
1417,HIG,WRB,-1.0
1418,HIG,WFC,-1.0
1419,HIG,WLTW,-1.0
1420,HIG,ZION,-1.0
1421,HBAN,ICE,-1.0
1422,HBAN,IVZ,-1.0
1423,HBAN,JPM,-1.0
1424,HBAN,KEY,-1.0
1425,HBAN,LNC,-1.0
1426,HBAN,L,-1.0
1427,HBAN,MTB,-1.0
1428,HBAN,MKTX,-1.0
1429,HBAN,MMC,-1.0
1430,HBAN,MET,-1.0
1431,HBAN,MCO,-1.0
1432,HBAN,MS,-1.0
1433,HBAN,MSCI,-1.0
1434,HBAN,NTRS,-1.0
1435,HBAN,PBCT,-1.0
1436,HBAN,PNC,-1.0
1437,HBAN,PFG,-1.0
1438,HBAN,PGR,-1.0
1439,HBAN,PRU,-1.0
1440,HBAN,RJF,-1.0
1441,HBAN,RF,-1.0
1442,HBAN,SPGI,-1.0
1443,HBAN,STT,-1.0
1444,HBAN,SIVB,-1.0
1445,HBAN,SYF,-1.0
1446,HBAN,TROW,-1.0
1447,HBAN,TRV,-1.0
1448,HBAN,TFC,-1.0
1449,HBAN,USB,-1.0
1450,HBAN,UNM,-1.0
1451,HBAN,WRB,-1.0
1452,HBAN,WFC,-1.0
1453,HBAN,WLTW,-1.0
1454,HBAN,ZION,-1.0
1455,ICE,IVZ,-1.0
1456,ICE,JPM,-1.0
1457,ICE,KEY,-1.0
1458,ICE,LNC,-1.0
1459,ICE,L,-1.0
1460,ICE,MTB,-1.0
1461,ICE,MKTX,-1.0
1462,ICE,MMC,-1.0
1463,ICE,MET,-1.0
1464,ICE,MCO,-1.0
1465,ICE,MS,-1.0
1466,ICE,MSCI,-1.0
1467,ICE,NTRS,-1.0
1468,ICE,PBCT,-1.0
1469,ICE,PNC,-1.0
1470,ICE,PFG,-1.0
1471,ICE,PGR,-1.0
1472,ICE,PRU,-1.0
1473,ICE,RJF,-1.0
1474,ICE,RF,-1.0
1475,ICE,SPGI,-1.0
1476,ICE,STT,-1.0
1477,ICE,SIVB,-1.0
1478,ICE,SYF,-1.0
1479,ICE,TROW,-1.0
1480,ICE,TRV,-1.0
1481,ICE,TFC,-1.0
1482,ICE,USB,-1.0
1483,ICE,UNM,-1.0
1484,ICE,WRB,-1.0
1485,ICE,WFC,-1.0
1486,ICE,WLTW,-1.0
1487,ICE,ZION,-1.0
1488,IVZ,JPM,-1.0
1489,IVZ,KEY,-1.0
1490,IVZ,LNC,-1.0
1491,IVZ,L,-1.0
1492,IVZ,MTB,-1.0
1493,IVZ,MKTX,-1.0
1494,IVZ,MMC,-1.0
1495,IVZ,MET,-1.0
1496,IVZ,MCO,-1.0
1497,IVZ,MS,-1.0
1498,IVZ,MSCI,-1.0
1499,IVZ,NTRS,-1.0
1500,IVZ,PBCT,-1.0
1501,IVZ,PNC,-1.0
1502,IVZ,PFG,-1.0
1503,IVZ,PGR,-1.0
1504,IVZ,PRU,-1.0
1505,IVZ,RJF,-1.0
1506,IVZ,RF,-1.0
1507,IVZ,SPGI,-1.0
1508,IVZ,STT,-1.0
1509,IVZ,SIVB,-1.0
1510,IVZ,SYF,-1.0
1511,IVZ,TROW,-1.0
1512,IVZ,TRV,-1.0
1513,IVZ,TFC,-1.0
1514,IVZ,USB,-1.0
1515,IVZ,UNM,-1.0
1516,IVZ,WRB,-1.0
1517,IVZ,WFC,-1.0
1518,IVZ,WLTW,-1.0
1519,IVZ,ZION,-1.0
1520,JPM,KEY,-1.0
1521,JPM,LNC,-1.0
1522,JPM,L,-1.0
1523,JPM,MTB,-1.0
1524,JPM,MKTX,-1.0
1525,JPM,MMC,-1.0
1526,JPM,MET,-1.0
1527,JPM,MCO,-1.0
1528,JPM,MS,-1.0
1529,JPM,MSCI,-1.0
1530,JPM,NTRS,-1.0
1531,JPM,PBCT,-1.0
1532,JPM,PNC,-1.0
1533,JPM,PFG,-1.0
1534,JPM,PGR,-1.0
1535,JPM,PRU,-1.0
1536,JPM,RJF,-1.0
1537,JPM,RF,-1.0
1538,JPM,SPGI,-1.0
1539,JPM,STT,-1.0
1540,JPM,SIVB,-1.0
1541,JPM,SYF,-1.0
1542,JPM,TROW,-1.0
1543,JPM,TRV,-1.0
1544,JPM,TFC,-1.0
1545,JPM,USB,-1.0
1546,JPM,UNM,-1.0
1547,JPM,WRB,-1.0
1548,JPM,WFC,-1.0
1549,JPM,WLTW,-1.0
1550,JPM,ZION,-1.0
1551,KEY,LNC,-1.0
1552,KEY,L,-1.0
1553,KEY,MTB,-1.0
1554,KEY,MKTX,-1.0
1555,KEY,MMC,-1.0
1556,KEY,MET,-1.0
1557,KEY,MCO,-1.0
1558,KEY,MS,-1.0
1559,KEY,MSCI,-1.0
1560,KEY,NTRS,-1.0
1561,KEY,PBCT,-1.0
1562,KEY,PNC,-1.0
1563,KEY,PFG,-1.0
1564,KEY,PGR,-1.0
1565,KEY,PRU,-1.0
1566,KEY,RJF,-1.0
1567,KEY,RF,-1.0
1568,KEY,SPGI,-1.0
1569,KEY,STT,-1.0
1570,KEY,SIVB,-1.0
1571,KEY,SYF,-1.0
1572,KEY,TROW,-1.0
1573,KEY,TRV,-1.0
1574,KEY,TFC,-1.0
1575,KEY,USB,-1.0
1576,KEY,UNM,-1.0
1577,KEY,WRB,-1.0
1578,KEY,WFC,-1.0
1579,KEY,WLTW,-1.0
1580,KEY,ZION,-1.0
1581,LNC,L,-1.0
1582,LNC,MTB,-1.0
1583,LNC,MKTX,-1.0
1584,LNC,MMC,-1.0
1585,LNC,MET,-1.0
1586,LNC,MCO,-1.0
1587,LNC,MS,-1.0
1588,LNC,MSCI,-1.0
1589,LNC,NTRS,-1.0
1590,LNC,PBCT,-1.0
1591,LNC,PNC,-1.0
1592,LNC,PFG,-1.0
1593,LNC,PGR,-1.0
1594,LNC,PRU,-1.0
1595,LNC,RJF,-1.0
1596,LNC,RF,-1.0
1597,LNC,SPGI,-1.0
1598,LNC,STT,-1.0
1599,LNC,SIVB,-1.0
1600,LNC,SYF,-1.0
1601,LNC,TROW,-1.0
1602,LNC,TRV,-1.0
1603,LNC,TFC,-1.0
1604,LNC,USB,-1.0
1605,LNC,UNM,-1.0
1606,LNC,WRB,-1.0
1607,LNC,WFC,-1.0
1608,LNC,WLTW,-1.0
1609,LNC,ZION,-1.0
1610,L,MTB,-1.0
1611,L,MKTX,-1.0
1612,L,MMC,-1.0
1613,L,MET,-1.0
1614,L,MCO,-1.0
1615,L,MS,-1.0
1616,L,MSCI,-1.0
1617,L,NTRS,-1.0
1618,L,PBCT,-1.0
1619,L,PNC,-1.0
1620,L,PFG,-1.0
1621,L,PGR,-1.0
1622,L,PRU,-1.0
1623,L,RJF,-1.0
1624,L,RF,-1.0
1625,L,SPGI,-1.0
1626,L,STT,-1.0
1627,L,SIVB,-1.0
1628,L,SYF,-1.0
1629,L,TROW,-1.0
1630,L,TRV,-1.0
1631,L,TFC,-1.0
1632,L,USB,-1.0
1633,L,UNM,-1.0
1634,L,WRB,-1.0
1635,L,WFC,-1.0
1636,L,WLTW,-1.0
1637,L,ZION,-1.0
1638,MTB,MKTX,-1.0
1639,MTB,MMC,-1.0
1640,MTB,MET,-1.0
1641,MTB,MCO,-1.0
1642,MTB,MS,-1.0
1643,MTB,MSCI,-1.0
1644,MTB,NTRS,-1.0
1645,MTB,PBCT,-1.0
1646,MTB,PNC,-1.0
1647,MTB,PFG,-1.0
1648,MTB,PGR,-1.0
1649,MTB,PRU,-1.0
1650,MTB,RJF,-1.0
1651,MTB,RF,-1.0
1652,MTB,SPGI,-1.0
1653,MTB,STT,-1.0
1654,MTB,SIVB,-1.0
1655,MTB,SYF,-1.0
1656,MTB,TROW,-1.0
1657,MTB,TRV,-1.0
1658,MTB,TFC,-1.0
1659,MTB,USB,-1.0
1660,MTB,UNM,-1.0
1661,MTB,WRB,-1.0
1662,MTB,WFC,-1.0
1663,MTB,WLTW,-1.0
1664,MTB,ZION,-1.0
1665,MKTX,MMC,-1.0
1666,MKTX,MET,-1.0
1667,MKTX,MCO,-1.0
1668,MKTX,MS,-1.0
1669,MKTX,MSCI,-1.0
1670,MKTX,NTRS,-1.0
1671,MKTX,PBCT,-1.0
1672,MKTX,PNC,-1.0
1673,MKTX,PFG,-1.0
1674,MKTX,PGR,-1.0
1675,MKTX,PRU,-1.0
1676,MKTX,RJF,-1.0
1677,MKTX,RF,-1.0
1678,MKTX,SPGI,-1.0
1679,MKTX,STT,-1.0
1680,MKTX,SIVB,-1.0
1681,MKTX,SYF,-1.0
1682,MKTX,TROW,-1.0
1683,MKTX,TRV,-1.0
1684,MKTX,TFC,-1.0
1685,MKTX,USB,-1.0
1686,MKTX,UNM,-1.0
1687,MKTX,WRB,-1.0
1688,MKTX,WFC,-1.0
1689,MKTX,WLTW,-1.0
1690,MKTX,ZION,-1.0
1691,MMC,MET,-1.0
1692,MMC,MCO,-1.0
1693,MMC,MS,-1.0
1694,MMC,MSCI,-1.0
1695,MMC,NTRS,-1.0
1696,MMC,PBCT,-1.0
1697,MMC,PNC,-1.0
1698,MMC,PFG,-1.0
1699,MMC,PGR,-1.0
1700,MMC,PRU,-1.0
1701,MMC,RJF,-1.0
1702,MMC,RF,-1.0
1703,MMC,SPGI,-1.0
1704,MMC,STT,-1.0
1705,MMC,SIVB,-1.0
1706,MMC,SYF,-1.0
1707,MMC,TROW,-1.0
1708,MMC,TRV,-1.0
1709,MMC,TFC,-1.0
1710,MMC,USB,-1.0
1711,MMC,UNM,-1.0
1712,MMC,WRB,-1.0
1713,MMC,WFC,-1.0
1714,MMC,WLTW,-1.0
1715,MMC,ZION,-1.0
1716,MET,MCO,-1.0
1717,MET,MS,-1.0
1718,MET,MSCI,-1.0
1719,MET,NTRS,-1.0
1720,MET,PBCT,-1.0
1721,MET,PNC,-1.0
1722,MET,PFG,-1.0
1723,MET,PGR,-1.0
1724,MET,PRU,-1.0
1725,MET,RJF,-1.0
1726,MET,RF,-1.0
1727,MET,SPGI,-1.0
1728,MET,STT,-1.0
1729,MET,SIVB,-1.0
1730,MET,SYF,-1.0
1731,MET,TROW,-1.0
1732,MET,TRV,-1.0
1733,MET,TFC,-1.0
1734,MET,USB,-1.0
1735,MET,UNM,-1.0
1736,MET,WRB,-1.0
1737,MET,WFC,-1.0
1738,MET,WLTW,-1.0
1739,MET,ZION,-1.0
1740,MCO,MS,-1.0
1741,MCO,MSCI,-1.0
1742,MCO,NTRS,-1.0
1743,MCO,PBCT,-1.0
1744,MCO,PNC,-1.0
1745,MCO,PFG,-1.0
1746,MCO,PGR,-1.0
1747,MCO,PRU,-1.0
1748,MCO,RJF,-1.0
1749,MCO,RF,-1.0
1750,MCO,SPGI,-1.0
1751,MCO,STT,-1.0
1752,MCO,SIVB,-1.0
1753,MCO,SYF,-1.0
1754,MCO,TROW,-1.0
1755,MCO,TRV,-1.0
1756,MCO,TFC,-1.0
1757,MCO,USB,-1.0
1758,MCO,UNM,-1.0
1759,MCO,WRB,-1.0
1760,MCO,WFC,-1.0
1761,MCO,WLTW,-1.0
1762,MCO,ZION,-1.0
1763,MS,MSCI,-1.0
1764,MS,NTRS,-1.0
1765,MS,PBCT,-1.0
1766,MS,PNC,-1.0
1767,MS,PFG,-1.0
1768,MS,PGR,-1.0
1769,MS,PRU,-1.0
1770,MS,RJF,-1.0
1771,MS,RF,-1.0
1772,MS,SPGI,-1.0
1773,MS,STT,-1.0
1774,MS,SIVB,-1.0
1775,MS,SYF,-1.0
1776,MS,TROW,-1.0
1777,MS,TRV,-1.0
1778,MS,TFC,-1.0
1779,MS,USB,-1.0
1780,MS,UNM,-1.0
1781,MS,WRB,-1.0
1782,MS,WFC,-1.0
1783,MS,WLTW,-1.0
1784,MS,ZION,-1.0
1785,MSCI,NTRS,-1.0
1786,MSCI,PBCT,-1.0
1787,MSCI,PNC,-1.0
1788,MSCI,PFG,-1.0
1789,MSCI,PGR,-1.0
1790,MSCI,PRU,-1.0
1791,MSCI,RJF,-1.0
1792,MSCI,RF,-1.0
1793,MSCI,SPGI,-1.0
1794,MSCI,STT,-1.0
1795,MSCI,SIVB,-1.0
1796,MSCI,SYF,-1.0
1797,MSCI,TROW,-1.0
1798,MSCI,TRV,-1.0
1799,MSCI,TFC,-1.0
1800,MSCI,USB,-1.0
1801,MSCI,UNM,-1.0
1802,MSCI,WRB,-1.0
1803,MSCI,WFC,-1.0
1804,MSCI,WLTW,-1.0
1805,MSCI,ZION,-1.0
1806,NTRS,PBCT,-1.0
1807,NTRS,PNC,-1.0
1808,NTRS,PFG,-1.0
1809,NTRS,PGR,-1.0
1810,NTRS,PRU,-1.0
1811,NTRS,RJF,-1.0
1812,NTRS,RF,-1.0
1813,NTRS,SPGI,-1.0
1814,NTRS,STT,-1.0
1815,NTRS,SIVB,-1.0
1816,NTRS,SYF,-1.0
1817,NTRS,TROW,-1.0
1818,NTRS,TRV,-1.0
1819,NTRS,TFC,-1.0
1820,NTRS,USB,-1.0
1821,NTRS,UNM,-1.0
1822,NTRS,WRB,-1.0
1823,NTRS,WFC,-1.0
1824,NTRS,WLTW,-1.0
1825,NTRS,ZION,-1.0
1826,PBCT,PNC,-1.0
1827,PBCT,PFG,-1.0
1828,PBCT,PGR,-1.0
1829,PBCT,PRU,-1.0
1830,PBCT,RJF,-1.0
1831,PBCT,RF,-1.0
1832,PBCT,SPGI,-1.0
1833,PBCT,STT,-1.0
1834,PBCT,SIVB,-1.0
1835,PBCT,SYF,-1.0
1836,PBCT,TROW,-1.0
1837,PBCT,TRV,-1.0
1838,PBCT,TFC,-1.0
1839,PBCT,USB,-1.0
1840,PBCT,UNM,-1.0
1841,PBCT,WRB,-1.0
1842,PBCT,WFC,-1.0
1843,PBCT,WLTW,-1.0
1844,PBCT,ZION,-1.0
1845,PNC,PFG,-1.0
1846,PNC,PGR,-1.0
1847,PNC,PRU,-1.0
1848,PNC,RJF,-1.0
1849,PNC,RF,-1.0
1850,PNC,SPGI,-1.0
1851,PNC,STT,-1.0
1852,PNC,SIVB,-1.0
1853,PNC,SYF,-1.0
1854,PNC,TROW,-1.0
1855,PNC,TRV,-1.0
1856,PNC,TFC,-1.0
1857,PNC,USB,-1.0
1858,PNC,UNM,-1.0
1859,PNC,WRB,-1.0
1860,PNC,WFC,-1.0
1861,PNC,WLTW,-1.0
1862,PNC,ZION,-1.0
1863,PFG,PGR,-1.0
1864,PFG,PRU,-1.0
1865,PFG,RJF,-1.0
1866,PFG,RF,-1.0
1867,PFG,SPGI,-1.0
1868,PFG,STT,-1.0
1869,PFG,SIVB,-1.0
1870,PFG,SYF,-1.0
1871,PFG,TROW,-1.0
1872,PFG,TRV,-1.0
1873,PFG,TFC,-1.0
1874,PFG,USB,-1.0
1875,PFG,UNM,-1.0
1876,PFG,WRB,-1.0
1877,PFG,WFC,-1.0
1878,PFG,WLTW,-1.0
1879,PFG,ZION,-1.0
1880,PGR,PRU,-1.0
1881,PGR,RJF,-1.0
1882,PGR,RF,-1.0
1883,PGR,SPGI,-1.0
1884,PGR,STT,-1.0
1885,PGR,SIVB,-1.0
1886,PGR,SYF,-1.0
1887,PGR,TROW,-1.0
1888,PGR,TRV,-1.0
1889,PGR,TFC,-1.0
1890,PGR,USB,-1.0
1891,PGR,UNM,-1.0
1892,PGR,WRB,-1.0
1893,PGR,WFC,-1.0
1894,PGR,WLTW,-1.0
1895,PGR,ZION,-1.0
1896,PRU,RJF,-1.0
1897,PRU,RF,-1.0
1898,PRU,SPGI,-1.0
1899,PRU,STT,-1.0
1900,PRU,SIVB,-1.0
1901,PRU,SYF,-1.0
1902,PRU,TROW,-1.0
1903,PRU,TRV,-1.0
1904,PRU,TFC,-1.0
1905,PRU,USB,-1.0
1906,PRU,UNM,-1.0
1907,PRU,WRB,-1.0
1908,PRU,WFC,-1.0
1909,PRU,WLTW,-1.0
1910,PRU,ZION,-1.0
1911,RJF,RF,-1.0
1912,RJF,SPGI,-1.0
1913,RJF,STT,-1.0
1914,RJF,SIVB,-1.0
1915,RJF,SYF,-1.0
1916,RJF,TROW,-1.0
1917,RJF,TRV,-1.0
1918,RJF,TFC,-1.0
1919,RJF,USB,-1.0
1920,RJF,UNM,-1.0
1921,RJF,WRB,-1.0
1922,RJF,WFC,-1.0
1923,RJF,WLTW,-1.0
1924,RJF,ZION,-1.0
1925,RF,SPGI,-1.0
1926,RF,STT,-1.0
1927,RF,SIVB,-1.0
1928,RF,SYF,-1.0
1929,RF,TROW,-1.0
1930,RF,TRV,-1.0
1931,RF,TFC,-1.0
1932,RF,USB,-1.0
1933,RF,UNM,-1.0
1934,RF,WRB,-1.0
1935,RF,WFC,-1.0
1936,RF,WLTW,-1.0
1937,RF,ZION,-1.0
1938,SPGI,STT,-1.0
1939,SPGI,SIVB,-1.0
1940,SPGI,SYF,-1.0
1941,SPGI,TROW,-1.0
1942,SPGI,TRV,-1.0
1943,SPGI,TFC,-1.0
1944,SPGI,USB,-1.0
1945,SPGI,UNM,-1.0
1946,SPGI,WRB,-1.0
1947,SPGI,WFC,-1.0
1948,SPGI,WLTW,-1.0
1949,SPGI,ZION,-1.0
1950,STT,SIVB,-1.0
1951,STT,SYF,-1.0
1952,STT,TROW,-1.0
1953,STT,TRV,-1.0
1954,STT,TFC,-1.0
1955,STT,USB,-1.0
1956,STT,UNM,-1.0
1957,STT,WRB,-1.0
1958,STT,WFC,-1.0
1959,STT,WLTW,-1.0
1960,STT,ZION,-1.0
1961,SIVB,SYF,-1.0
1962,SIVB,TROW,-1.0
1963,SIVB,TRV,-1.0
1964,SIVB,TFC,-1.0
1965,SIVB,USB,-1.0
1966,SIVB,UNM,-1.0
1967,SIVB,WRB,-1.0
1968,SIVB,WFC,-1.0
1969,SIVB,WLTW,-1.0
1970,SIVB,ZION,-1.0
1971,SYF,TROW,-1.0
1972,SYF,TRV,-1.0
1973,SYF,TFC,-1.0
1974,SYF,USB,-1.0
1975,SYF,UNM,-1.0
1976,SYF,WRB,-1.0
1977,SYF,WFC,-1.0
1978,SYF,WLTW,-1.0
1979,SYF,ZION,-1.0
1980,TROW,TRV,-1.0
1981,TROW,TFC,-1.0
1982,TROW,USB,-1.0
1983,TROW,UNM,-1.0
1984,TROW,WRB,-1.0
1985,TROW,WFC,-1.0
1986,TROW,WLTW,-1.0
1987,TROW,ZION,-1.0
1988,TRV,TFC,-1.0
1989,TRV,USB,-1.0
1990,TRV,UNM,-1.0
1991,TRV,WRB,-1.0
1992,TRV,WFC,-1.0
1993,TRV,WLTW,-1.0
1994,TRV,ZION,-1.0
1995,TFC,USB,-1.0
1996,TFC,UNM,-1.0
1997,TFC,WRB,-1.0
1998,TFC,WFC,-1.0
1999,TFC,WLTW,-1.0
2000,TFC,ZION,-1.0
2001,USB,UNM,
2002,USB,WRB,
2003,USB,WFC,
2004,USB,WLTW,
2005,USB,ZION,
2006,UNM,WRB,
2007,UNM,WFC,
2008,UNM,WLTW,
2009,UNM,ZION,
2010,WRB,WFC,
2011,WRB,WLTW,
2012,WRB,ZION,
2013,WFC,WLTW,
2014,WFC,ZION,
2015,WLTW,ZION,
